{"cameraMode":{"drawMode":0,"name":"Shaded","section":"Shading Mode"},"sceneLighting":true,"audioPlay":false,"sceneViewState":{"showFog":true,"showMaterialUpdate":false,"showSkybox":false,"showFlares":true,"showImageEffects":true,"showParticleSystems":true},"in2DMode":false,"pivot":{"x":-0.07168088853359223,"y":0.3221900463104248,"z":0.8361408114433289},"rotation":{"x":-0.26898273825645449,"y":0.12724854052066804,"z":-0.035876523703336719,"w":-0.9540317058563232},"size":5.438668251037598,"orthographic":false}