{"cameraMode":{"drawMode":0,"name":"Shaded","section":"Shading Mode"},"sceneLighting":true,"audioPlay":false,"sceneViewState":{"showFog":true,"showMaterialUpdate":false,"showSkybox":false,"showFlares":true,"showImageEffects":true,"showParticleSystems":true},"in2DMode":false,"pivot":{"x":0.9959397315979004,"y":1.292536735534668,"z":0.013424158096313477},"rotation":{"x":-0.16712401807308198,"y":0.4514355957508087,"z":-0.0864967629313469,"w":-0.872237503528595},"size":6.392056941986084,"orthographic":false}