{"cameraMode":{"drawMode":0,"name":"Shaded","section":"Shading Mode"},"sceneLighting":true,"audioPlay":false,"sceneViewState":{"showFog":true,"showMaterialUpdate":false,"showSkybox":false,"showFlares":true,"showImageEffects":true,"showParticleSystems":true},"in2DMode":false,"pivot":{"x":2.1978654861450197,"y":-0.4364616274833679,"z":3.9831180572509767},"rotation":{"x":-0.05833308771252632,"y":-0.25121185183525088,"z":0.015169649384915829,"w":-0.9660598039627075},"size":5.005687713623047,"orthographic":false}