{"cameraMode":{"drawMode":0,"name":"Shaded","section":"Shading Mode"},"sceneLighting":true,"audioPlay":false,"sceneViewState":{"showFog":true,"showMaterialUpdate":false,"showSkybox":false,"showFlares":true,"showImageEffects":true,"showParticleSystems":true},"in2DMode":false,"pivot":{"x":-1.0396062135696412,"y":0.6247580051422119,"z":0.5854464769363403},"rotation":{"x":-0.14541654288768769,"y":0.5021683573722839,"z":-0.08610157668590546,"w":-0.848101019859314},"size":3.338667631149292,"orthographic":false}