{"cameraMode":{"drawMode":0,"name":"Shaded","section":"Shading Mode"},"sceneLighting":true,"audioPlay":false,"sceneViewState":{"showFog":true,"showMaterialUpdate":false,"showSkybox":false,"showFlares":true,"showImageEffects":true,"showParticleSystems":true},"in2DMode":false,"pivot":{"x":-3.2420878410339357,"y":-2.9449896812438967,"z":-3.5625224113464357},"rotation":{"x":-0.07731558382511139,"y":0.9216333031654358,"z":-0.24498644471168519,"w":-0.2908599078655243},"size":8.7098388671875,"orthographic":false}